label,slice,check_timeframe,percentage_buy_threshold,sell_profit_target,trailing_enabled,trailing_stop_price,trailing_stop_margin,stop_loss_threshold,stop_loss_delay_time,pump_detection_enabled,pump_detection_threshold,pump_detection_disabled_time,next_buy_delay,max_open_orders,entries,rule_closes,mtm_closes,win_rate_net,wins,losses,gross_pp,net_pp,gross_usdc,net_usdc,max_dd_pp,max_dd_usdc,max_dd_account_pct,worst_net_pp,profit_factor_net,avg_net_pp
tf15_buy-1.0_sell1_sl3,full,15,-1.0,1.0,False,1.0,0.3,-3.0,0,True,5.0,30,1,1,17,16,1,93.75,15,1,11.118482412629834,9.468482412629834,11.118482412629834,9.468482412629834,3.2285775534978836,3.2285775534978836,0.3228577553497884,-3.228577553497884,4.448200645027267,0.6957989501557476
tf15_buy-1.0_sell1_sl2,full,15,-1.0,1.0,False,1.0,0.3,-2.0,0,True,5.0,30,1,1,17,17,0,76.47058823529412,13,4,5.5782299380711615,3.8782299380711613,5.5782299380711615,3.8782299380711613,2.7055682832123544,2.7055682832123544,0.27055682832123545,-2.14173512593561,1.4550368169856642,0.22813117282771533
tf15_buy-1.0_sell1_sl5,full,15,-1.0,1.0,False,1.0,0.3,-5.0,0,True,5.0,30,1,1,16,15,1,93.33333333333333,14,1,7.965831108255706,6.4158311082557065,7.965831108255706,6.4158311082557065,6.099740814427267,6.099740814427267,0.6099740814427266,-5.352524857923331,2.5095925965027197,0.538675459874522
tf15_buy-1.0_sell1.5_sl3,full,15,-1.0,1.5,False,1.0,0.3,-3.0,0,True,5.0,30,1,1,16,15,1,93.33333333333333,14,1,17.30657489414515,15.75657489414515,17.30657489414515,15.75657489414515,3.2285775534978836,3.2285775534978836,0.3228577553497884,-3.228577553497884,6.395836214351818,1.1613917122671518
tf15_buy-1.0_tls1_m0.3_sl3,full,15,-1.0,0.0,True,1.0,0.3,-3.0,0,True,5.0,30,1,1,17,16,1,93.75,15,1,14.970455730201332,13.320455730201331,14.970455730201332,13.320455730201331,3.2285775534978836,3.2285775534978836,0.3228577553497884,-3.228577553497884,5.641287462284675,0.936547282503966
tf15_buy-1.5_sell1_sl3,full,15,-1.5,1.0,False,1.0,0.3,-3.0,0,True,5.0,30,1,1,7,6,1,83.33333333333333,5,1,0.8103991391121612,0.16039913911216097,0.8103991391121612,0.16039913911216097,3.1573474426069046,3.1573474426069046,0.3157347442606905,-3.1573474426069046,1.5225312862951337,0.27496880341100605
tf15_buy-1.5_sell1_sl2,full,15,-1.5,1.0,False,1.0,0.3,-2.0,0,True,5.0,30,1,1,7,7,0,71.42857142857143,5,2,1.2338432930244008,0.5338432930244005,1.2338432930244008,0.5338432930244005,2.299716673947083,2.299716673947083,0.22997166739470834,-2.172853689621884,1.124924805898107,0.07626332757491434
tf15_buy-1.5_sell1_sl5,full,15,-1.5,1.0,False,1.0,0.3,-5.0,0,True,5.0,30,1,1,6,5,1,80.0,4,1,-2.295555805486143,-2.8455558054861427,-2.295555805486143,-2.8455558054861427,5.679115772457626,5.679115772457626,0.5679115772457626,-5.213670559859814,0.7398872620427457,-0.2712284248264535
tf15_buy-1.5_sell1.5_sl3,full,15,-1.5,1.5,False,1.0,0.3,-3.0,0,True,5.0,30,1,1,6,5,1,80.0,4,1,1.8556623004499746,1.3056623004499741,1.8556623004499746,1.3056623004499741,3.1573474426069046,3.1573474426069046,0.3157347442606905,-3.1573474426069046,1.8852608186497395,0.5590151963607699
tf15_buy-1.5_tls1_m0.3_sl3,full,15,-1.5,0.0,True,1.0,0.3,-3.0,0,True,5.0,30,1,1,6,5,1,80.0,4,1,1.6424743371838906,1.09247433718389,1.6424743371838906,1.09247433718389,3.1573474426069046,3.1573474426069046,0.3157347442606905,-3.1573474426069046,1.8177395948562431,0.5163776037075531
tf15_buy-2.0_sell1_sl3,full,15,-2.0,1.0,False,1.0,0.3,-3.0,0,True,5.0,30,1,1,2,2,0,100.0,2,0,2.2104288810788653,2.010428881078865,2.2104288810788653,2.010428881078865,0.0,0.0,0.0,0.9019374221989275,inf,1.0052144405394325
tf15_buy-2.0_sell1_sl2,full,15,-2.0,1.0,False,1.0,0.3,-2.0,0,True,5.0,30,1,1,2,2,0,100.0,2,0,2.2104288810788653,2.010428881078865,2.2104288810788653,2.010428881078865,0.0,0.0,0.0,0.9019374221989275,inf,1.0052144405394325
tf15_buy-2.0_sell1_sl5,full,15,-2.0,1.0,False,1.0,0.3,-5.0,0,True,5.0,30,1,1,2,2,0,100.0,2,0,2.2104288810788653,2.010428881078865,2.2104288810788653,2.010428881078865,0.0,0.0,0.0,0.9019374221989275,inf,1.0052144405394325
tf15_buy-2.0_sell1.5_sl3,full,15,-2.0,1.5,False,1.0,0.3,-3.0,0,True,5.0,30,1,1,2,2,0,100.0,2,0,3.0549136993328885,2.8549136993328883,3.0549136993328885,2.8549136993328883,0.0,0.0,0.0,1.411202060679016,inf,1.4274568496664441
tf15_buy-2.0_tls1_m0.3_sl3,full,15,-2.0,0.0,True,1.0,0.3,-3.0,0,True,5.0,30,1,1,2,2,0,100.0,2,0,2.3762127124087105,2.1762127124087103,2.3762127124087105,2.1762127124087103,0.0,0.0,0.0,1.040480396523842,inf,1.0881063562043551
tf15_buy-3.0_sell1_sl3,full,15,-3.0,1.0,False,1.0,0.3,-3.0,0,True,5.0,30,1,1,0,0,0,0.0,0,0,0.0,0.0,0.0,0.0,0.0,0.0,0.0,0.0,0.0,0.0
tf15_buy-3.0_sell1_sl2,full,15,-3.0,1.0,False,1.0,0.3,-2.0,0,True,5.0,30,1,1,0,0,0,0.0,0,0,0.0,0.0,0.0,0.0,0.0,0.0,0.0,0.0,0.0,0.0
tf15_buy-3.0_sell1_sl5,full,15,-3.0,1.0,False,1.0,0.3,-5.0,0,True,5.0,30,1,1,0,0,0,0.0,0,0,0.0,0.0,0.0,0.0,0.0,0.0,0.0,0.0,0.0,0.0
tf15_buy-3.0_sell1.5_sl3,full,15,-3.0,1.5,False,1.0,0.3,-3.0,0,True,5.0,30,1,1,0,0,0,0.0,0,0,0.0,0.0,0.0,0.0,0.0,0.0,0.0,0.0,0.0,0.0
tf15_buy-3.0_tls1_m0.3_sl3,full,15,-3.0,0.0,True,1.0,0.3,-3.0,0,True,5.0,30,1,1,0,0,0,0.0,0,0,0.0,0.0,0.0,0.0,0.0,0.0,0.0,0.0,0.0,0.0
tf30_buy-1.0_sell1_sl3,full,30,-1.0,1.0,False,1.0,0.3,-3.0,0,True,5.0,30,1,1,25,24,1,91.66666666666667,22,2,15.231473043025215,12.781473043025214,15.231473043025215,12.781473043025214,4.434764989864464,4.434764989864464,0.44347649898644637,-3.228577553497884,3.3259030850468254,0.6140586869062268
tf30_buy-1.0_sell1_sl2,full,30,-1.0,1.0,False,1.0,0.3,-2.0,0,True,5.0,30,1,1,32,32,0,78.125,25,7,11.76179117829874,8.561791178298739,11.76179117829874,8.561791178298739,6.6948728710340655,6.6948728710340655,0.6694872871034065,-2.33941001019199,1.5609646164492406,0.26755597432183564
tf30_buy-1.0_sell1_sl5,full,30,-1.0,1.0,False,1.0,0.3,-5.0,0,True,5.0,30,1,1,21,20,1,95.0,19,1,12.871395505780665,10.821395505780666,12.871395505780665,10.821395505780666,5.352524857923331,5.352524857923331,0.5352524857923331,-5.352524857923331,3.3871595719150442,0.6388665474252447
tf30_buy-1.0_sell1.5_sl3,full,30,-1.0,1.5,False,1.0,0.3,-3.0,0,True,5.0,30,1,1,22,21,1,85.71428571428571,18,3,17.414613168979507,15.264613168979505,17.414613168979507,15.264613168979505,3.370202551692021,3.370202551692021,0.3370202551692021,-3.228577553497884,2.8108558686506844,0.8200261243668445
tf30_buy-1.0_tls1_m0.3_sl3,full,30,-1.0,0.0,True,1.0,0.3,-3.0,0,True,5.0,30,1,1,23,22,1,86.36363636363636,19,3,17.860513795498186,15.610513795498186,17.860513795498186,15.610513795498186,4.216959890109594,4.216959890109594,0.4216959890109594,-3.228577553497884,2.847229633135492,0.7984749653737461
tf30_buy-1.5_sell1_sl3,full,30,-1.5,1.0,False,1.0,0.3,-3.0,0,True,5.0,30,1,1,9,9,0,88.88888888888889,8,1,5.362414878312046,4.462414878312046,5.362414878312046,4.462414878312046,3.1573474426069046,3.1573474426069046,0.3157347442606905,-3.1573474426069046,2.4133429910480793,0.4958238753680052
tf30_buy-1.5_sell1_sl2,full,30,-1.5,1.0,False,1.0,0.3,-2.0,0,True,5.0,30,1,1,9,9,0,88.88888888888889,8,1,6.4192990404922945,5.519299040492294,6.4192990404922945,5.519299040492294,2.1004632804266565,2.1004632804266565,0.21004632804266565,-2.1004632804266565,3.6276579514264053,0.6132554489435883
tf30_buy-1.5_sell1_sl5,full,30,-1.5,1.0,False,1.0,0.3,-5.0,0,True,5.0,30,1,1,8,8,0,87.5,7,1,2.2564599337137423,1.4564599337137425,2.2564599337137423,1.4564599337137425,5.213670559859814,5.213670559859814,0.5213670559859814,-5.213670559859814,1.2793540399209467,0.18205749171421787
tf30_buy-1.5_sell1.5_sl3,full,30,-1.5,1.5,False,1.0,0.3,-3.0,0,True,5.0,30,1,1,8,7,1,85.71428571428571,6,1,5.13174963852399,4.381749638523989,5.13174963852399,4.381749638523989,3.1573474426069046,3.1573474426069046,0.3157347442606905,-3.1573474426069046,2.8109371120396247,0.8168225227743203
tf30_buy-1.5_tls1_m0.3_sl3,full,30,-1.5,0.0,True,1.0,0.3,-3.0,0,True,5.0,30,1,1,9,8,1,87.5,7,1,5.369391017840929,4.519391017840928,5.369391017840929,4.519391017840928,3.1573474426069046,3.1573474426069046,0.3157347442606905,-3.1573474426069046,2.8545311040911594,0.7319248798421477
tf30_buy-2.0_sell1_sl3,full,30,-2.0,1.0,False,1.0,0.3,-3.0,0,True,5.0,30,1,1,4,4,0,100.0,4,0,4.275241046634923,3.8752410466349234,4.275241046634923,3.8752410466349234,0.0,0.0,0.0,0.9019374221989275,inf,0.9688102616587309
tf30_buy-2.0_sell1_sl2,full,30,-2.0,1.0,False,1.0,0.3,-2.0,0,True,5.0,30,1,1,4,4,0,100.0,4,0,4.275241046634923,3.8752410466349234,4.275241046634923,3.8752410466349234,0.0,0.0,0.0,0.9019374221989275,inf,0.9688102616587309
tf30_buy-2.0_sell1_sl5,full,30,-2.0,1.0,False,1.0,0.3,-5.0,0,True,5.0,30,1,1,4,4,0,100.0,4,0,4.275241046634923,3.8752410466349234,4.275241046634923,3.8752410466349234,0.0,0.0,0.0,0.9019374221989275,inf,0.9688102616587309
tf30_buy-2.0_sell1.5_sl3,full,30,-2.0,1.5,False,1.0,0.3,-3.0,0,True,5.0,30,1,1,4,3,1,66.66666666666667,2,1,-0.858086088450028,-1.2080860884500284,-0.858086088450028,-1.2080860884500284,3.1168451908670467,3.1168451908670467,0.31168451908670464,-3.1168451908670467,0.9159626239052013,-0.08731049717805288
tf30_buy-2.0_tls1_m0.3_sl3,full,30,-2.0,0.0,True,1.0,0.3,-3.0,0,True,5.0,30,1,1,4,4,0,75.0,3,1,0.4572361439076509,0.05723614390765064,0.4572361439076509,0.05723614390765064,3.1168451908670467,3.1168451908670467,0.31168451908670464,-3.1168451908670467,1.0183634862826565,0.01430903597691266
tf30_buy-3.0_sell1_sl3,full,30,-3.0,1.0,False,1.0,0.3,-3.0,0,True,5.0,30,1,1,0,0,0,0.0,0,0,0.0,0.0,0.0,0.0,0.0,0.0,0.0,0.0,0.0,0.0
tf30_buy-3.0_sell1_sl2,full,30,-3.0,1.0,False,1.0,0.3,-2.0,0,True,5.0,30,1,1,0,0,0,0.0,0,0,0.0,0.0,0.0,0.0,0.0,0.0,0.0,0.0,0.0,0.0
tf30_buy-3.0_sell1_sl5,full,30,-3.0,1.0,False,1.0,0.3,-5.0,0,True,5.0,30,1,1,0,0,0,0.0,0,0,0.0,0.0,0.0,0.0,0.0,0.0,0.0,0.0,0.0,0.0
tf30_buy-3.0_sell1.5_sl3,full,30,-3.0,1.5,False,1.0,0.3,-3.0,0,True,5.0,30,1,1,0,0,0,0.0,0,0,0.0,0.0,0.0,0.0,0.0,0.0,0.0,0.0,0.0,0.0
tf30_buy-3.0_tls1_m0.3_sl3,full,30,-3.0,0.0,True,1.0,0.3,-3.0,0,True,5.0,30,1,1,0,0,0,0.0,0,0,0.0,0.0,0.0,0.0,0.0,0.0,0.0,0.0,0.0,0.0
tf60_buy-1.0_sell1_sl3,full,60,-1.0,1.0,False,1.0,0.3,-3.0,0,True,5.0,30,1,1,39,38,1,89.47368421052632,34,4,22.376547851995525,18.526547851995527,22.376547851995525,18.526547851995527,3.5462212427219635,3.5462212427219635,0.35462212427219636,-3.206737925782858,2.585927490124741,0.5267358298249842
tf60_buy-1.0_sell1_sl2,full,60,-1.0,1.0,False,1.0,0.3,-2.0,0,True,5.0,30,1,1,45,44,1,72.72727272727273,32,12,8.657601733128441,4.207601733128441,8.657601733128441,4.207601733128441,8.398584842311497,8.398584842311497,0.8398584842311497,-2.3831424181654643,1.1480919288887552,0.08936291301798487
tf60_buy-1.0_sell1_sl5,full,60,-1.0,1.0,False,1.0,0.3,-5.0,0,True,5.0,30,1,1,34,33,1,96.96969696969697,32,1,27.428528762605573,24.078528762605572,27.428528762605573,24.078528762605572,5.168199871742388,5.168199871742388,0.5168199871742388,-5.168199871742388,5.947165953034159,0.7747861346654379
tf60_buy-1.0_sell1.5_sl3,full,60,-1.0,1.5,False,1.0,0.3,-3.0,0,True,5.0,30,1,1,32,31,1,83.87096774193549,26,5,24.46220764339008,21.312207643390078,24.46220764339008,21.312207643390078,4.782260365141749,4.782260365141749,0.47822603651417483,-3.192322692144453,2.449443334014788,0.7355361717659339
tf60_buy-1.0_tls1_m0.3_sl3,full,60,-1.0,0.0,True,1.0,0.3,-3.0,0,True,5.0,30,1,1,33,32,1,84.375,27,5,22.75977471789365,19.509774717893645,22.75977471789365,19.509774717893645,4.80306929348194,4.80306929348194,0.480306929348194,-3.192322692144453,2.334867078595858,0.6562246374764851
tf60_buy-1.5_sell1_sl3,full,60,-1.5,1.0,False,1.0,0.3,-3.0,0,True,5.0,30,1,1,14,14,0,85.71428571428571,12,2,6.207730493939877,4.807730493939877,6.207730493939877,4.807730493939877,4.902535643171294,4.902535643171294,0.49025356431712946,-3.4882358232391426,1.7157755060741962,0.3434093209957055
tf60_buy-1.5_sell1_sl2,full,60,-1.5,1.0,False,1.0,0.3,-2.0,0,True,5.0,30,1,1,15,15,0,80.0,12,3,6.0821606717095555,4.5821606717095555,6.0821606717095555,4.5821606717095555,2.5878557271155267,2.5878557271155267,0.25878557271155267,-2.3810842916581736,1.6723701072876722,0.30547737811397035
tf60_buy-1.5_sell1_sl5,full,60,-1.5,1.0,False,1.0,0.3,-5.0,0,True,5.0,30,1,1,11,11,0,90.9090909090909,10,1,5.450780950296236,4.350780950296237,5.450780950296236,4.350780950296237,5.352524857923331,5.352524857923331,0.5352524857923331,-5.352524857923331,1.8128464726055002,0.3955255409360215
tf60_buy-1.5_sell1.5_sl3,full,60,-1.5,1.5,False,1.0,0.3,-3.0,0,True,5.0,30,1,1,12,11,1,72.72727272727273,8,3,1.660256003326022,0.5102560033260211,1.660256003326022,0.5102560033260211,4.245076547001881,4.245076547001881,0.4245076547001881,-3.4882358232391426,1.1557538079747136,0.14070657569235312
tf60_buy-1.5_tls1_m0.3_sl3,full,60,-1.5,0.0,True,1.0,0.3,-3.0,0,True,5.0,30,1,1,13,13,0,76.92307692307692,10,3,3.9390159796031607,2.6390159796031596,3.9390159796031607,2.6390159796031596,4.665308525733769,4.665308525733769,0.4665308525733769,-3.4882358232391426,1.2655666983235316,0.20300122920024308
tf60_buy-2.0_sell1_sl3,full,60,-2.0,1.0,False,1.0,0.3,-3.0,0,True,5.0,30,1,1,5,5,0,100.0,5,0,5.098478604590663,4.598478604590663,5.098478604590663,4.598478604590663,0.0,0.0,0.0,0.9019374221989275,inf,0.9196957209181326
tf60_buy-2.0_sell1_sl2,full,60,-2.0,1.0,False,1.0,0.3,-2.0,0,True,5.0,30,1,1,5,5,0,100.0,5,0,5.098478604590663,4.598478604590663,5.098478604590663,4.598478604590663,0.0,0.0,0.0,0.9019374221989275,inf,0.9196957209181326
tf60_buy-2.0_sell1_sl5,full,60,-2.0,1.0,False,1.0,0.3,-5.0,0,True,5.0,30,1,1,5,5,0,100.0,5,0,5.098478604590663,4.598478604590663,5.098478604590663,4.598478604590663,0.0,0.0,0.0,0.9019374221989275,inf,0.9196957209181326
tf60_buy-2.0_sell1.5_sl3,full,60,-2.0,1.5,False,1.0,0.3,-3.0,0,True,5.0,30,1,1,5,5,0,80.0,4,1,3.266233986621703,2.7662339866217023,3.266233986621703,2.7662339866217023,3.1304556987260983,3.1304556987260983,0.3130455698726098,-3.1304556987260983,1.8836521749045638,0.5532467973243403
tf60_buy-2.0_tls1_m0.3_sl3,full,60,-2.0,0.0,True,1.0,0.3,-3.0,0,True,5.0,30,1,1,5,5,0,80.0,4,1,3.618486348555157,3.1184863485551566,3.618486348555157,3.1184863485551566,3.1304556987260983,3.1304556987260983,0.3130455698726098,-3.1304556987260983,1.9961764831312538,0.6236972697110312
tf60_buy-3.0_sell1_sl3,full,60,-3.0,1.0,False,1.0,0.3,-3.0,0,True,5.0,30,1,1,1,1,0,100.0,1,0,1.0135990041805876,0.9135990041805876,1.0135990041805876,0.9135990041805876,0.0,0.0,0.0,0.9135990041805876,inf,0.9135990041805876
tf60_buy-3.0_sell1_sl2,full,60,-3.0,1.0,False,1.0,0.3,-2.0,0,True,5.0,30,1,1,1,1,0,100.0,1,0,1.0135990041805876,0.9135990041805876,1.0135990041805876,0.9135990041805876,0.0,0.0,0.0,0.9135990041805876,inf,0.9135990041805876
tf60_buy-3.0_sell1_sl5,full,60,-3.0,1.0,False,1.0,0.3,-5.0,0,True,5.0,30,1,1,1,1,0,100.0,1,0,1.0135990041805876,0.9135990041805876,1.0135990041805876,0.9135990041805876,0.0,0.0,0.0,0.9135990041805876,inf,0.9135990041805876
tf60_buy-3.0_sell1.5_sl3,full,60,-3.0,1.5,False,1.0,0.3,-3.0,0,True,5.0,30,1,1,1,1,0,100.0,1,0,1.5031716742807202,1.40317167428072,1.5031716742807202,1.40317167428072,0.0,0.0,0.0,1.40317167428072,inf,1.40317167428072
tf60_buy-3.0_tls1_m0.3_sl3,full,60,-3.0,0.0,True,1.0,0.3,-3.0,0,True,5.0,30,1,1,1,1,0,100.0,1,0,1.0071991625639896,0.9071991625639896,1.0071991625639896,0.9071991625639896,0.0,0.0,0.0,0.9071991625639896,inf,0.9071991625639896
tf30_buy-5_sell1_sl3,full,30,-5.0,1.0,False,1.0,0.3,-3.0,0,True,5.0,30,1,1,0,0,0,0.0,0,0,0.0,0.0,0.0,0.0,0.0,0.0,0.0,0.0,0.0,0.0
ui_winner_pump_off,full,30,-2.0,1.0,False,1.0,0.3,-3.0,0,False,5.0,30,1,1,4,4,0,100.0,4,0,4.275241046634923,3.8752410466349234,4.275241046634923,3.8752410466349234,0.0,0.0,0.0,0.9019374221989275,inf,0.9688102616587309
ui_winner_pump2,full,30,-2.0,1.0,False,1.0,0.3,-3.0,0,True,2.0,30,1,1,4,4,0,100.0,4,0,4.275241046634923,3.8752410466349234,4.275241046634923,3.8752410466349234,0.0,0.0,0.0,0.9019374221989275,inf,0.9688102616587309
ui_winner_delay60,full,30,-2.0,1.0,False,1.0,0.3,-3.0,0,True,5.0,30,60,1,4,4,0,100.0,4,0,4.275241046634923,3.8752410466349234,4.275241046634923,3.8752410466349234,0.0,0.0,0.0,0.9019374221989275,inf,0.9688102616587309
ui_winner_sl_delay5,full,30,-2.0,1.0,False,1.0,0.3,-3.0,5,True,5.0,30,1,1,4,4,0,100.0,4,0,4.275241046634923,3.8752410466349234,4.275241046634923,3.8752410466349234,0.0,0.0,0.0,0.9019374221989275,inf,0.9688102616587309
ui_winner_max_orders3,full,30,-2.0,1.0,False,1.0,0.3,-3.0,0,True,5.0,30,1,3,10,10,0,100.0,10,0,10.463507151065397,9.463507151065397,10.463507151065397,9.463507151065397,0.0,0.0,0.0,0.9019374221989275,inf,0.9463507151065397
ui_aggressive_pump_off,full,30,-1.5,1.0,False,1.0,0.3,-3.0,0,False,5.0,30,1,1,9,9,0,88.88888888888889,8,1,5.362414878312046,4.462414878312046,5.362414878312046,4.462414878312046,3.1573474426069046,3.1573474426069046,0.3157347442606905,-3.1573474426069046,2.4133429910480793,0.4958238753680052
ui_aggressive_pump2,full,30,-1.5,1.0,False,1.0,0.3,-3.0,0,True,2.0,30,1,1,9,9,0,88.88888888888889,8,1,5.339625691153092,4.4396256911530925,5.339625691153092,4.4396256911530925,3.1573474426069046,3.1573474426069046,0.3157347442606905,-3.1573474426069046,2.406125164193985,0.4932917434614547
ui_aggressive_delay60,full,30,-1.5,1.0,False,1.0,0.3,-3.0,0,True,5.0,30,60,1,9,9,0,88.88888888888889,8,1,5.362414878312046,4.462414878312046,5.362414878312046,4.462414878312046,3.1573474426069046,3.1573474426069046,0.3157347442606905,-3.1573474426069046,2.4133429910480793,0.4958238753680052
ui_aggressive_sl_delay5,full,30,-1.5,1.0,False,1.0,0.3,-3.0,5,True,5.0,30,1,1,9,9,0,88.88888888888889,8,1,4.991722033332782,4.091722033332783,4.991722033332782,4.091722033332783,3.528040287586169,3.528040287586169,0.3528040287586169,-3.528040287586169,2.159771912959723,0.4546357814814203
ui_aggressive_max_orders3,full,30,-1.5,1.0,False,1.0,0.3,-3.0,0,True,5.0,30,1,3,26,26,0,88.46153846153847,23,3,14.810870395255721,12.210870395255721,14.810870395255721,12.210870395255721,9.467365707305277,9.467365707305277,0.9467365707305277,-3.1911445064998443,2.28978543480511,0.46964886135598927
tf30_buy-2.0_sell1_sl3,2026-07,30,-2.0,1.0,False,1.0,0.3,-3.0,0,True,5.0,30,1,1,0,0,0,0.0,0,0,0.0,0.0,0.0,0.0,0.0,0.0,0.0,0.0,0.0,0.0
tf30_buy-2.0_sell1_sl3,2026-08,30,-2.0,1.0,False,1.0,0.3,-3.0,0,True,5.0,30,1,1,1,1,0,100.0,1,0,1.0019374221989275,0.9019374221989275,1.0019374221989275,0.9019374221989275,0.0,0.0,0.0,0.9019374221989275,inf,0.9019374221989275
tf30_buy-2.0_sell1_sl3,2026-09,30,-2.0,1.0,False,1.0,0.3,-3.0,0,True,5.0,30,1,1,3,3,0,100.0,3,0,3.2733036244359957,2.973303624435996,3.2733036244359957,2.973303624435996,0.0,0.0,0.0,0.9242138627850126,inf,0.991101208145332
tf30_buy-1.5_sell1_sl3,2026-07,30,-1.5,1.0,False,1.0,0.3,-3.0,0,True,5.0,30,1,1,2,1,1,100.0,1,0,1.4079683664424625,1.2579683664424623,1.4079683664424625,1.2579683664424623,0.0,0.0,0.0,1.0003904611313692,inf,1.0003904611313692
tf30_buy-1.5_sell1_sl3,2026-08,30,-1.5,1.0,False,1.0,0.3,-3.0,0,True,5.0,30,1,1,3,3,0,100.0,3,0,3.0923839894046687,2.792383989404669,3.0923839894046687,2.792383989404669,0.0,0.0,0.0,0.910041139409831,inf,0.9307946631348897
tf30_buy-1.5_sell1_sl3,2026-09,30,-1.5,1.0,False,1.0,0.3,-3.0,0,True,5.0,30,1,1,4,4,0,75.0,3,1,0.12873453538665203,-0.2712654646133481,0.12873453538665203,-0.2712654646133481,0.0,0.0,0.0,-3.1573474426069046,0.9140843795165683,-0.067816366153337
tf30_buy-1.0_sell1_sl3,2026-07,30,-1.0,1.0,False,1.0,0.3,-3.0,0,True,5.0,30,1,1,7,6,1,100.0,6,0,6.2126696619443855,5.562669661944385,6.2126696619443855,5.562669661944385,0.33111865924326445,0.33111865924326445,0.033111865924326446,0.9049379839033206,inf,0.982298053531275
tf30_buy-1.0_sell1_sl3,2026-08,30,-1.0,1.0,False,1.0,0.3,-3.0,0,True,5.0,30,1,1,11,11,0,90.9090909090909,10,1,7.415576497237598,6.315576497237599,7.415576497237598,6.315576497237599,3.107631629290463,3.107631629290463,0.3107631629290463,-3.1076316292904633,3.032279642706422,0.5741433179306908
tf30_buy-1.0_sell1_sl3,2026-09,30,-1.0,1.0,False,1.0,0.3,-3.0,0,True,5.0,30,1,1,7,6,1,83.33333333333333,5,1,0.2737267877975551,-0.37627321220244503,0.2737267877975551,-0.37627321220244503,1.9559354427242281,1.9559354427242281,0.19559354427242281,-3.228577553497884,1.4892749839043997,0.2632770384202972
tf30_buy-2.0_tls1_m0.3_sl3,2026-07,30,-2.0,0.0,True,1.0,0.3,-3.0,0,True,5.0,30,1,1,0,0,0,0.0,0,0,0.0,0.0,0.0,0.0,0.0,0.0,0.0,0.0,0.0,0.0
tf30_buy-2.0_tls1_m0.3_sl3,2026-08,30,-2.0,0.0,True,1.0,0.3,-3.0,0,True,5.0,30,1,1,1,1,0,100.0,1,0,1.235732315884868,1.135732315884868,1.235732315884868,1.135732315884868,0.0,0.0,0.0,1.135732315884868,inf,1.135732315884868
tf30_buy-2.0_tls1_m0.3_sl3,2026-09,30,-2.0,0.0,True,1.0,0.3,-3.0,0,True,5.0,30,1,1,3,3,0,66.66666666666667,2,1,-0.7784961719772172,-1.0784961719772173,-0.7784961719772172,-1.0784961719772173,0.0,0.0,0.0,-3.1168451908670467,0.6539782677890396,-0.35949872399240573
tf60_buy-2.0_sell1_sl3,2026-07,60,-2.0,1.0,False,1.0,0.3,-3.0,0,True,5.0,30,1,1,1,1,0,100.0,1,0,1.0272860246578024,0.9272860246578024,1.0272860246578024,0.9272860246578024,0.0,0.0,0.0,0.9272860246578024,inf,0.9272860246578024
tf60_buy-2.0_sell1_sl3,2026-08,60,-2.0,1.0,False,1.0,0.3,-3.0,0,True,5.0,30,1,1,2,2,0,100.0,2,0,2.0267251711763223,1.8267251711763224,2.0267251711763223,1.8267251711763224,0.0,0.0,0.0,0.9019374221989275,inf,0.9133625855881612
tf60_buy-2.0_sell1_sl3,2026-09,60,-2.0,1.0,False,1.0,0.3,-3.0,0,True,5.0,30,1,1,2,2,0,100.0,2,0,2.0444674087565384,1.8444674087565385,2.0444674087565384,1.8444674087565385,0.0,0.0,0.0,0.9180490309424566,inf,0.9222337043782692
tf15_buy-2.0_sell1_sl3,2026-07,15,-2.0,1.0,False,1.0,0.3,-3.0,0,True,5.0,30,1,1,0,0,0,0.0,0,0,0.0,0.0,0.0,0.0,0.0,0.0,0.0,0.0,0.0,0.0
tf15_buy-2.0_sell1_sl3,2026-08,15,-2.0,1.0,False,1.0,0.3,-3.0,0,True,5.0,30,1,1,1,1,0,100.0,1,0,1.0019374221989275,0.9019374221989275,1.0019374221989275,0.9019374221989275,0.0,0.0,0.0,0.9019374221989275,inf,0.9019374221989275
tf15_buy-2.0_sell1_sl3,2026-09,15,-2.0,1.0,False,1.0,0.3,-3.0,0,True,5.0,30,1,1,1,1,0,100.0,1,0,1.2084914588799376,1.1084914588799375,1.2084914588799376,1.1084914588799375,0.0,0.0,0.0,1.1084914588799375,inf,1.1084914588799375
tf30_buy-2.0_sell1_sl2,2026-07,30,-2.0,1.0,False,1.0,0.3,-2.0,0,True,5.0,30,1,1,0,0,0,0.0,0,0,0.0,0.0,0.0,0.0,0.0,0.0,0.0,0.0,0.0,0.0
tf30_buy-2.0_sell1_sl2,2026-08,30,-2.0,1.0,False,1.0,0.3,-2.0,0,True,5.0,30,1,1,1,1,0,100.0,1,0,1.0019374221989275,0.9019374221989275,1.0019374221989275,0.9019374221989275,0.0,0.0,0.0,0.9019374221989275,inf,0.9019374221989275
tf30_buy-2.0_sell1_sl2,2026-09,30,-2.0,1.0,False,1.0,0.3,-2.0,0,True,5.0,30,1,1,3,3,0,100.0,3,0,3.2733036244359957,2.973303624435996,3.2733036244359957,2.973303624435996,0.0,0.0,0.0,0.9242138627850126,inf,0.991101208145332
tf30_buy-2.0_sell1_sl5,2026-07,30,-2.0,1.0,False,1.0,0.3,-5.0,0,True,5.0,30,1,1,0,0,0,0.0,0,0,0.0,0.0,0.0,0.0,0.0,0.0,0.0,0.0,0.0,0.0
tf30_buy-2.0_sell1_sl5,2026-08,30,-2.0,1.0,False,1.0,0.3,-5.0,0,True,5.0,30,1,1,1,1,0,100.0,1,0,1.0019374221989275,0.9019374221989275,1.0019374221989275,0.9019374221989275,0.0,0.0,0.0,0.9019374221989275,inf,0.9019374221989275
tf30_buy-2.0_sell1_sl5,2026-09,30,-2.0,1.0,False,1.0,0.3,-5.0,0,True,5.0,30,1,1,3,3,0,100.0,3,0,3.2733036244359957,2.973303624435996,3.2733036244359957,2.973303624435996,0.0,0.0,0.0,0.9242138627850126,inf,0.991101208145332
ui_winner_pump_off,2026-07,30,-2.0,1.0,False,1.0,0.3,-3.0,0,False,5.0,30,1,1,0,0,0,0.0,0,0,0.0,0.0,0.0,0.0,0.0,0.0,0.0,0.0,0.0,0.0
ui_winner_pump_off,2026-08,30,-2.0,1.0,False,1.0,0.3,-3.0,0,False,5.0,30,1,1,1,1,0,100.0,1,0,1.0019374221989275,0.9019374221989275,1.0019374221989275,0.9019374221989275,0.0,0.0,0.0,0.9019374221989275,inf,0.9019374221989275
ui_winner_pump_off,2026-09,30,-2.0,1.0,False,1.0,0.3,-3.0,0,False,5.0,30,1,1,3,3,0,100.0,3,0,3.2733036244359957,2.973303624435996,3.2733036244359957,2.973303624435996,0.0,0.0,0.0,0.9242138627850126,inf,0.991101208145332
ui_winner_pump2,2026-07,30,-2.0,1.0,False,1.0,0.3,-3.0,0,True,2.0,30,1,1,0,0,0,0.0,0,0,0.0,0.0,0.0,0.0,0.0,0.0,0.0,0.0,0.0,0.0
ui_winner_pump2,2026-08,30,-2.0,1.0,False,1.0,0.3,-3.0,0,True,2.0,30,1,1,1,1,0,100.0,1,0,1.0019374221989275,0.9019374221989275,1.0019374221989275,0.9019374221989275,0.0,0.0,0.0,0.9019374221989275,inf,0.9019374221989275
ui_winner_pump2,2026-09,30,-2.0,1.0,False,1.0,0.3,-3.0,0,True,2.0,30,1,1,3,3,0,100.0,3,0,3.2733036244359957,2.973303624435996,3.2733036244359957,2.973303624435996,0.0,0.0,0.0,0.9242138627850126,inf,0.991101208145332
